feature,model,importance_mean,importance_std
price,logistic_regression,0.0017332201434463901,0.0008121420925327102
freight_value,logistic_regression,0.0032193639231546667,0.0010021932679276245
product_weight_g,logistic_regression,0.0038325752239945334,0.0013427352954231185
same_state,logistic_regression,0.0486576178362837,0.006481240616326325
product_category_freq,logistic_regression,0.004151755015698577,0.001792563912156952
order_month,logistic_regression,0.015278153404806354,0.0027599359626511756
day_of_week,logistic_regression,0.004420668631658903,0.001532395226267346
n_items_in_order,logistic_regression,0.0043842840478162115,0.0009643356464497335
payment_installments,logistic_regression,0.0010062677062383173,0.0007160338036624554
price,decision_tree,0.0021256744148310134,0.0007900956444945496
freight_value,decision_tree,0.05257465295666878,0.004104710720814504
product_weight_g,decision_tree,0.0005361946854746502,0.00022378691108181393
same_state,decision_tree,0.010147650751529642,0.002211555714901262
product_category_freq,decision_tree,0.0,0.0
order_month,decision_tree,0.15690067347134637,0.008115315632084286
day_of_week,decision_tree,0.0,0.0
n_items_in_order,decision_tree,0.0,0.0
payment_installments,decision_tree,0.0,0.0
