feature,importance_mean,importance_std
order_month,0.1556877006494989,0.004804995628820988
seller_historical_late_rate,0.05933936357827028,0.004657445343734452
geo_distance,0.05279360853119284,0.002979668085415025
freight_value,0.029273830619701742,0.003107612576506559
n_items_in_order,0.028773445239798273,0.0017616621107916027
product_weight_g,0.014053411407216693,0.002046190998328919
price,0.013339129933311378,0.00153848804014789
product_category_freq,0.011107209961162217,0.0017691309219203216
same_state,0.009911730121838675,0.0017980279850077809
day_of_week,0.00894514672210811,0.0015645260777010952
payment_installments,0.004814346252782775,0.001470881699094491
geo_distance_missing,0.0002682627175720209,0.00011760900265329031
