feature,perturbation,mean_late_risk_change
price,-25%,-0.00091868033148977
price,-10%,-0.00036734491371215116
price,+10%,0.0003671648128974948
price,+25%,0.0009175552670087319
freight_value,-25%,-0.002961997432470866
freight_value,-10%,-0.001184074099719873
freight_value,+10%,0.0011830499568191068
freight_value,+25%,0.0029556020646416127
product_weight_g,-25%,-0.0014818350745520413
product_weight_g,-10%,-0.000592347070438239
product_weight_g,+10%,0.0005917791019825561
product_weight_g,+25%,0.0014782870372796208
same_state,flip_0_1,-0.027518535891803333
product_category_freq,-25%,-0.0048793467085700894
product_category_freq,-10%,-0.0019518206515131166
product_category_freq,+10%,0.001951793094443377
product_category_freq,+25%,0.004879174543961024
